{"ITR":{"ITR1":{"CreationInfo":{"SWVersionNo":"R5","SWCreatedBy":"SW90002324","JSONCreatedBy":"SW90002324","JSONCreationDate":"2025-01-10","IntermediaryCity":"SW90002324","Digest":"9jjXXeLEbxan6rgH77U3warLMO4i5M2EOaLYy4Bc7t8="},"Form_ITR1":{"FormName":"ITR-1","Description":"For Indls having Income from Salary, Pension, family pension and Interest","AssessmentYear":"2023","SchemaVer":"Ver1.0","FormVer":"Ver1.0"},"PersonalInfo":{"AssesseeName":{"FirstName":"VIJAY","SurNameOrOrgName":"SHARMA"},"PAN":"OPIPS3383K","Address":{"ResidenceNo":"KUMHARO KA MOHALLA","ResidenceName":"JORPURA - SUNDERIYAWAS","RoadOrStreet":"JORPURA SUNDARIAWAS B.O","LocalityOrArea":"JORPURA","CityOrTownOrDistrict":"JAIPUR","StateCode":"27","CountryCode":"91","PinCode":303328,"CountryCodeMobile":91,"MobileNo":9982736949,"EmailAddress":"vijay4jorpura@gmail.com"},"DOB":"2002-01-18","EmployerCategory":"OTH","AadhaarCardNo":"834530782216"},"FilingStatus":{"ReturnFileSec":21,"NewTaxRegime":"N","clauseiv7provisio139i":"N"},"PartA_139_8A":{"Name":"VIJAY  SHARMA","PAN":"OPIPS3383K","AssessmentYear":"2023","PreviouslyFiledForThisAY":"N","LaidOutIn_139_8A":"Y","ITRFormUpdatingInc":"ITR1","UpdatingInc":{"ReasonsForUpdatingIncDtls":[{"ReasonsForUpdatingIncome":"1"}]},"UpdatedReturnDuringPeriod":"1"},"PartB-ATI":{"HeadOfInc":{"Salaries":0,"IncomeFromHP":0,"IncomeFromOS":9,"Total":9},"LatestTotInc":0,"UpdatedTotInc":337010,"AmtPayable":1000,"AmtRefundable":0,"LastAmtPayable":0,"Refund":0,"TotRefund":0,"FeeIncUS234F":1000,"RegAssessementTAX":0,"AggrLiabilityRefund":0,"AggrLiabilityNoRefund":1000,"AddtnlIncTax":0,"NetPayable":1000,"TaxUS140B":1000,"TaxDue10_11":0,"ScheduleIT1":{"TaxPayment1":{"ITTaxPayments":[{"slno":1,"BSRCode":"0180002","DateDep":"2025-01-10","SrlNoOfChaln":2592,"Amt":1000}]},"Total":1000},"ReleifUS89":0},"ITR1_IncomeDeductions":{"GrossSalary":387000,"Salary":387000,"PerquisitesValue":0,"ProfitsInSalary":0,"Increliefus89A":0,"Increliefus89AOS":0,"IncomeNotified89AType":[],"IncomeNotified89A":0,"IncomeNotifiedOther89A":0,"NetSalary":387000,"DeductionUs16":50000,"DeductionUs16ia":50000,"EntertainmentAlw16ii":0,"ProfessionalTaxUs16iii":0,"IncomeFromSal":337000,"GrossRentReceived":0,"TaxPaidlocalAuth":0,"AnnualValue":0,"StandardDeduction":0,"InterestPayable":0,"ArrearsUnrealizedRentRcvd":0,"TotalIncomeOfHP":0,"IncomeOthSrc":9,"OthersInc":{"OthersIncDtlsOthSrc":[{"OthSrcNatureDesc":"SAV","OthSrcOthAmount":9},{"OthSrcNatureDesc":"OTHNOT89A","OthSrcOthAmount":0},{"OthSrcOthAmount":0,"OthSrcNatureDesc":"DIV","DividendInc":{"DateRange":{"Up16Of12To15Of3":0,"Up16Of3To31Of3":0,"Up16Of9To15Of12":0,"Upto15Of6":0,"Upto15Of9":0}}}]},"DeductionUs57iia":0,"GrossTotIncome":337009,"UsrDeductUndChapVIA":{"Section80C":0,"Section80CCC":0,"Section80CCDEmployeeOrSE":0,"Section80CCD1B":0,"Section80CCDEmployer":0,"Section80D":0,"Section80DD":0,"Section80DDB":0,"Section80E":0,"Section80EE":0,"Section80EEA":0,"Section80EEB":0,"Section80G":0,"Section80GG":0,"Section80GGA":0,"Section80GGC":0,"AnyOthSec80CCH":0,"Section80U":0,"Section80TTA":0,"Section80TTB":0,"TotalChapVIADeductions":0},"DeductUndChapVIA":{"Section80C":0,"Section80CCC":0,"Section80CCDEmployeeOrSE":0,"Section80CCD1B":0,"Section80CCDEmployer":0,"Section80D":0,"Section80DD":0,"Section80DDB":0,"Section80E":0,"Section80EE":0,"Section80EEA":0,"Section80EEB":0,"Section80G":0,"Section80GG":0,"Section80GGA":0,"Section80GGC":0,"Section80U":0,"Section80TTA":0,"Section80TTB":0,"AnyOthSec80CCH":0,"TotalChapVIADeductions":0},"TotalIncome":337010},"ITR1_TaxComputation":{"TotalTaxPayable":4350,"Rebate87A":4350,"TaxPayableOnRebate":0,"EducationCess":0,"GrossTaxLiability":0,"Section89":0,"NetTaxLiability":0,"TotalIntrstPay":1000,"IntrstPay":{"IntrstPayUs234A":0,"IntrstPayUs234B":0,"IntrstPayUs234C":0,"LateFilingFee234F":1000},"TotTaxPlusIntrstPay":1000},"TaxPaid":{"TaxesPaid":{"AdvanceTax":0,"TDS":0,"TCS":0,"SelfAssessmentTax":0,"TotalTaxesPaid":0},"BalTaxPayable":1000},"Refund":{"RefundDue":0,"BankAccountDtls":{"AddtnlBankDetails":[{"IFSCCode":"ICIC0007817","BankName":"ICICI BANK LIMITED","BankAccountNo":"7817015000698","UseForRefund":"true"}]}},"Verification":{"Declaration":{"AssesseeVerName":"VIJAY SHARMA","FatherName":"LAXMINARAYAN SHARMA","AssesseeVerPAN":"OPIPS3383K"},"Capacity":"S","Place":"JAIPUR"},"Schedule80D":{"Sec80DSelfFamSrCtznHealth":{"SeniorCitizenFlag":"N","SelfAndFamily":0,"HealthInsPremSlfFam":0,"PrevHlthChckUpSlfFam":0,"SelfAndFamilySeniorCitizen":0,"HlthInsPremSlfFamSrCtzn":0,"PrevHlthChckUpSlfFamSrCtzn":0,"MedicalExpSlfFamSrCtzn":0,"ParentsSeniorCitizenFlag":"N","Parents":0,"HlthInsPremParents":0,"PrevHlthChckUpParents":0,"ParentsSeniorCitizen":0,"HlthInsPremParentsSrCtzn":0,"PrevHlthChckUpParentsSrCtzn":0,"MedicalExpParentsSrCtzn":0,"EligibleAmountOfDedn":0}},"Schedule80G":{"TotalDonationsUs80GCash":0,"TotalDonationsUs80GOtherMode":0,"TotalDonationsUs80G":0,"TotalEligibleDonationsUs80G":0},"Schedule80GGA":{"DonationDtlsSciRsrchRuralDev":[],"TotalDonationAmtCash80GGA":0,"TotalDonationAmtOtherMode80GGA":0,"TotalDonationsUs80GGA":0,"TotalEligibleDonationAmt80GGA":0},"TDSonSalaries":{"TotalTDSonSalaries":0},"TDSonOthThanSals":{"TotalTDSonOthThanSals":0},"ScheduleTDS3Dtls":{"TotalTDS3Details":0},"ScheduleTCS":{"TotalSchTCS":0},"TaxPayments":{"TotalTaxPayments":0}}}}