{"personalInfo":{"fatherName":"LAXMINARAYAN SHARMA","orgFirmInfo":{"AssesseeName":{"SurNameOrOrgName":"SHARMA"},"DateOFFormOrIncorp":"2002-01-18","StatusOrCompanyType":"IND"},"address":{"zipCode":"","localityOrArea":"Jorpura","residenceNo":"Kumharo ka mohalla","cityOrTownOrDistrict":"JAIPUR","mobileNo":9982736949,"emailAddressSecondary":"","emailAddress":"vijay4jorpura@gmail.com","countryCodeMobile":91,"phone":{},"countryCode":"91","roadOrStreet":"Jorpura Sundariawas B.O","pinCode":303328,"stateCode":"27","residenceName":"Jorpura - Sunderiyawas"},"assesseeName":{"firstName":"VIJAY","surNameOrOrgName":"SHARMA"},"portugeseCC5A":"","assesseeVerName":"VIJAY SHARMA","capacity":"S","filingStatus":{"residentialStatus":"RES"},"assesseVerPan":"OPIPS3383K","dob":"2002-01-18","aadhaarCardNo":"ODM0NTMwNzgyMjE2","pan":"OPIPS3383K","status":"I"},"orgFirmInfo":null,"form10DA":null,"form3CD":{"PartAOI":{"ScheduleTPSAFlg":"N","Amount":0}},"scheduleAL":null,"form3CE":null,"form26as":{"incomeDeductionsOthersInc":[{"othSrcOthAmount":9,"othSrcNatureDesc":"SAV"}]},"form10IBICID":null,"otherSourceIncome":null,"form10IE":null,"form10CCE":null,"form10CCF":null,"form10CCD":null,"itba":null,"form64D":null,"verification":{"declaration":{"fatherName":"LAXMINARAYAN SHARMA","assesseeVerPAN":"OPIPS3383K","assesseeVerName":"VIJAY SHARMA"},"capacity":"S"},"bankAccountDtls":null,"form56F":null,"insights":{"intrstFrmSavingBank":9,"incomeDeductionsOthersInc":[{"othSrcOthAmount":9,"othSrcNatureDesc":"SAV"}]},"form10CCB":null,"form29b":null,"scheduleCFL":null,"filingStatus":{"NewTaxRegime":"N","OptingNewTaxRegimeForm10IF":2,"OptingNewTaxRegime":2},"form24q":{"intrstFrmSavingBank":9,"isActive":false},"partAGEN2":null,"ScheduleEI":null,"Form10A":null,"Form10IFA":null,"ais":null,"ScheduleESOP":null,"formCCBA":null,"auditInfo":null,"incDeductionsOthIncCPC":null,"formCCBD":null,"formCCBC":null,"formCCBB":null,"form67":null,"assesseeRep":null,"form66":null,"form10E":null,"Schedule80RA":null,"Form10IA":null,"Schedule80G":null,"form64A":null,"Form10AB":null,"Form10IEA":null,"form10IF":{"newTaxRegime":"N"},"form10AC":null,"form10BOR10BB":null,"natOfBus":null,"filingReturn":null,"lastFiledITR":null,"form3CEA":null,"form3CEB":null}