{"personalInfo":{"fatherName":"BHANWARILAL SHARMA","orgFirmInfo":{"AssesseeName":{"SurNameOrOrgName":"SHARMA"},"DateOFFormOrIncorp":"1970-08-10","StatusOrCompanyType":"IND"},"address":{"zipCode":"","localityOrArea":"JAIPUR","residenceNo":"kumaharo ka mohalla","cityOrTownOrDistrict":"","mobileNo":7412946504,"emailAddressSecondary":"","emailAddress":"gkmt@ymail.com","countryCodeMobile":91,"phone":{"stDcode":91,"phoneNo":9950826605},"countryCode":"91","roadOrStreet":"sundariyawas","pinCode":303328,"stateCode":"27","residenceName":"gram jorpura "},"assesseeName":{"firstName":"LAXMI","surNameOrOrgName":"SHARMA","middleName":"NARAYAN"},"portugeseCC5A":"","assesseeVerName":"LAXMI NARAYAN SHARMA","capacity":"S","filingStatus":{"residentialStatus":"RES"},"assesseVerPan":"ECBPS3702N","dob":"1970-08-10","aadhaarCardNo":"ODAxNzI0MTYzODE1","pan":"ECBPS3702N","status":"I"},"orgFirmInfo":null,"form10DA":null,"form3CD":{"PartAOI":{"ScheduleTPSAFlg":"N","Amount":0}},"scheduleAL":null,"form3CE":null,"form26as":{"incomeDeductionsOthersInc":[{"othSrcOthAmount":10303,"othSrcNatureDesc":"SAV"}]},"form10IBICID":null,"otherSourceIncome":null,"form10IE":null,"form10CCE":null,"form10CCF":null,"form10CCD":null,"itba":null,"form64D":null,"verification":{"declaration":{"fatherName":"BHANWARILAL SHARMA","assesseeVerPAN":"ECBPS3702N","assesseeVerName":"LAXMI NARAYAN SHARMA"},"capacity":"S"},"bankAccountDtls":[{"addtnlBankDetails":[{"useForRefund":"false","bankAccountNo":"30054471032","bankName":"STATE BANK OF INDIA","ifsccode":"SBIN0008428"}]}],"form56F":null,"insights":{"intrstFrmSavingBank":10303,"incomeDeductionsOthersInc":[{"othSrcOthAmount":10303,"othSrcNatureDesc":"SAV"}]},"form10CCB":null,"form29b":null,"scheduleCFL":null,"filingStatus":{"NewTaxRegime":"N","OptingNewTaxRegimeForm10IF":2,"OptingNewTaxRegime":2},"form24q":{"intrstFrmSavingBank":10303,"isActive":false},"partAGEN2":null,"ScheduleEI":null,"Form10A":null,"Form10IFA":null,"ais":null,"ScheduleESOP":null,"formCCBA":null,"auditInfo":null,"incDeductionsOthIncCPC":null,"formCCBD":null,"formCCBC":null,"formCCBB":null,"form67":null,"assesseeRep":null,"form66":null,"form10E":null,"Schedule80RA":null,"Form10IA":null,"Schedule80G":null,"form64A":null,"Form10AB":null,"Form10IEA":null,"form10IF":{"newTaxRegime":"N"},"form10AC":null,"form10BOR10BB":null,"natOfBus":null,"filingReturn":null,"lastFiledITR":null,"form3CEA":null,"form3CEB":null}