{"ITR":{"ITR1":{"CreationInfo":{"SWVersionNo":"R5","SWCreatedBy":"SW90002324","JSONCreatedBy":"SW90002324","JSONCreationDate":"2025-01-13","IntermediaryCity":"SW90002324","Digest":"5wodK7HfCJtw3CfSN/CSVVahtoUwuBpeVYBgQiUmrMM="},"Form_ITR1":{"FormName":"ITR-1","Description":"For Indls having Income from Salary, Pension, family pension and Interest","AssessmentYear":"2023","SchemaVer":"Ver1.0","FormVer":"Ver1.0"},"PersonalInfo":{"AssesseeName":{"FirstName":"LAXMI","MiddleName":"NARAYAN","SurNameOrOrgName":"SHARMA"},"PAN":"ECBPS3702N","Address":{"ResidenceNo":"KUMAHARO KA MOHALLA","ResidenceName":"GRAM JORPURA ","RoadOrStreet":"SUNDARIYAWAS","LocalityOrArea":"JAIPUR","CityOrTownOrDistrict":"JAIPUR","StateCode":"27","CountryCode":"91","PinCode":303328,"CountryCodeMobile":91,"MobileNo":7412946504,"EmailAddress":"gkmt@ymail.com"},"DOB":"1970-08-10","EmployerCategory":"OTH","AadhaarCardNo":"801724163815"},"FilingStatus":{"ReturnFileSec":21,"NewTaxRegime":"N","clauseiv7provisio139i":"N"},"PartA_139_8A":{"Name":"LAXMI NARAYAN SHARMA","PAN":"ECBPS3702N","AssessmentYear":"2023","PreviouslyFiledForThisAY":"N","LaidOutIn_139_8A":"Y","ITRFormUpdatingInc":"ITR1","UpdatingInc":{"ReasonsForUpdatingIncDtls":[{"ReasonsForUpdatingIncome":"1"}]},"UpdatedReturnDuringPeriod":"1"},"PartB-ATI":{"HeadOfInc":{"Salaries":0,"IncomeFromHP":0,"IncomeFromOS":10303,"Total":10303},"LatestTotInc":0,"UpdatedTotInc":250300,"AmtPayable":1000,"AmtRefundable":0,"LastAmtPayable":0,"Refund":0,"TotRefund":0,"FeeIncUS234F":1000,"RegAssessementTAX":0,"AggrLiabilityRefund":0,"AggrLiabilityNoRefund":1000,"AddtnlIncTax":0,"NetPayable":1000,"TaxUS140B":1000,"TaxDue10_11":0,"ScheduleIT1":{"TaxPayment1":{"ITTaxPayments":[{"slno":1,"BSRCode":"0180002","DateDep":"2025-01-13","SrlNoOfChaln":8761,"Amt":1000}]},"Total":1000},"ReleifUS89":0},"ITR1_IncomeDeductions":{"GrossSalary":290000,"Salary":290000,"PerquisitesValue":0,"ProfitsInSalary":0,"Increliefus89A":0,"Increliefus89AOS":0,"IncomeNotified89AType":[],"IncomeNotified89A":0,"IncomeNotifiedOther89A":0,"NetSalary":290000,"DeductionUs16":50000,"DeductionUs16ia":50000,"EntertainmentAlw16ii":0,"ProfessionalTaxUs16iii":0,"IncomeFromSal":240000,"GrossRentReceived":0,"TaxPaidlocalAuth":0,"AnnualValue":0,"StandardDeduction":0,"InterestPayable":0,"ArrearsUnrealizedRentRcvd":0,"TotalIncomeOfHP":0,"IncomeOthSrc":10303,"OthersInc":{"OthersIncDtlsOthSrc":[{"OthSrcNatureDesc":"SAV","OthSrcOthAmount":10303},{"OthSrcNatureDesc":"OTHNOT89A","OthSrcOthAmount":0},{"OthSrcOthAmount":0,"OthSrcNatureDesc":"DIV","DividendInc":{"DateRange":{"Up16Of12To15Of3":0,"Up16Of3To31Of3":0,"Up16Of9To15Of12":0,"Upto15Of6":0,"Upto15Of9":0}}}]},"DeductionUs57iia":0,"GrossTotIncome":250303,"UsrDeductUndChapVIA":{"Section80C":0,"Section80CCC":0,"Section80CCDEmployeeOrSE":0,"Section80CCD1B":0,"Section80CCDEmployer":0,"Section80D":0,"Section80DD":0,"Section80DDB":0,"Section80E":0,"Section80EE":0,"Section80EEA":0,"Section80EEB":0,"Section80G":0,"Section80GG":0,"Section80GGA":0,"Section80GGC":0,"AnyOthSec80CCH":0,"Section80U":0,"Section80TTA":0,"Section80TTB":0,"TotalChapVIADeductions":0},"DeductUndChapVIA":{"Section80C":0,"Section80CCC":0,"Section80CCDEmployeeOrSE":0,"Section80CCD1B":0,"Section80CCDEmployer":0,"Section80D":0,"Section80DD":0,"Section80DDB":0,"Section80E":0,"Section80EE":0,"Section80EEA":0,"Section80EEB":0,"Section80G":0,"Section80GG":0,"Section80GGA":0,"Section80GGC":0,"Section80U":0,"Section80TTA":0,"Section80TTB":0,"AnyOthSec80CCH":0,"TotalChapVIADeductions":0},"TotalIncome":250300},"ITR1_TaxComputation":{"TotalTaxPayable":15,"Rebate87A":15,"TaxPayableOnRebate":0,"EducationCess":0,"GrossTaxLiability":0,"Section89":0,"NetTaxLiability":0,"TotalIntrstPay":1000,"IntrstPay":{"IntrstPayUs234A":0,"IntrstPayUs234B":0,"IntrstPayUs234C":0,"LateFilingFee234F":1000},"TotTaxPlusIntrstPay":1000},"TaxPaid":{"TaxesPaid":{"AdvanceTax":0,"TDS":0,"TCS":0,"SelfAssessmentTax":0,"TotalTaxesPaid":0},"BalTaxPayable":1000},"Refund":{"RefundDue":0,"BankAccountDtls":{"AddtnlBankDetails":[{"IFSCCode":"SBIN0008428","BankName":"STATE BANK OF INDIA","BankAccountNo":"30054471032","UseForRefund":"true"}]}},"Verification":{"Declaration":{"AssesseeVerName":"LAXMI NARAYAN SHARMA","FatherName":"BHANWARILAL SHARMA","AssesseeVerPAN":"ECBPS3702N"},"Capacity":"S","Place":"JAIPUR"},"Schedule80D":{"Sec80DSelfFamSrCtznHealth":{"SeniorCitizenFlag":"N","SelfAndFamily":0,"HealthInsPremSlfFam":0,"PrevHlthChckUpSlfFam":0,"SelfAndFamilySeniorCitizen":0,"HlthInsPremSlfFamSrCtzn":0,"PrevHlthChckUpSlfFamSrCtzn":0,"MedicalExpSlfFamSrCtzn":0,"ParentsSeniorCitizenFlag":"Y","Parents":0,"HlthInsPremParents":0,"PrevHlthChckUpParents":0,"ParentsSeniorCitizen":0,"HlthInsPremParentsSrCtzn":0,"PrevHlthChckUpParentsSrCtzn":0,"MedicalExpParentsSrCtzn":0,"EligibleAmountOfDedn":0}},"Schedule80G":{"TotalDonationsUs80GCash":0,"TotalDonationsUs80GOtherMode":0,"TotalDonationsUs80G":0,"TotalEligibleDonationsUs80G":0},"Schedule80GGA":{"DonationDtlsSciRsrchRuralDev":[],"TotalDonationAmtCash80GGA":0,"TotalDonationAmtOtherMode80GGA":0,"TotalDonationsUs80GGA":0,"TotalEligibleDonationAmt80GGA":0},"TDSonSalaries":{"TotalTDSonSalaries":0},"TDSonOthThanSals":{"TotalTDSonOthThanSals":0},"ScheduleTDS3Dtls":{"TotalTDS3Details":0},"ScheduleTCS":{"TotalSchTCS":0},"TaxPayments":{"TotalTaxPayments":0}}}}